id,file
au_0,https://static.8thwall.app/assets/Aulos_v3_4-2-25_normalized-uaekku8c4a.mp3
au_1,https://static.8thwall.app/assets/Aulos__v1_4-9-25_trimmed-njuqfzfu96.mp3
pb1_0,https://static.8thwall.app/assets/Onboarding_Notif_Success_v3_normalize-urrokumi89.mp3
pb1_1,https://static.8thwall.app/assets/ImAlive_Notif_AudienceSort_v2-d2pt911o7n.mp3
pb1_2,https://static.8thwall.app/assets/StageisCanvas_Notif_EvilSisters_v1_trimmed-6v4f46pu18.mp3
pb1_3,https://static.8thwall.app/assets/PowerDown_Notif_Doom_v3_normalize-mt7pfao625.mp3
pb1_4,https://static.8thwall.app/assets/BecomingMuseon_Notif_Playful_v1_trimmed_normalized-jf7yd7ci25.mp3
pb1_5,https://static.8thwall.app/assets/whenever-sthcjgo657.mp3
pb1_6,https://static.8thwall.app/assets/suspended-dnz191j6ap.mp3
pb1_7,https://static.8thwall.app/assets/alive-9qvx69lo9h.mp3
pb2_0,https://static.8thwall.app/assets/MountOlympus_Notif_Failure_v1_normalized-sdnfjgau71.mp3
pb2_1,https://static.8thwall.app/assets/MountOlympus_Notif_Reward_v1.5_normalize-6sy446ncae.mp3
pb2_2,https://static.8thwall.app/assets/MountOlympus_Notif_LightningSlice_v2_normalize-57b83h5u3d.mp3
pb2_3,https://static.8thwall.app/assets/sfx-ice-lzarelt632.mp3
pb2_4,https://static.8thwall.app/assets/sfx-shaker-2vec1epu4a.mp3
pb2_5,https://static.8thwall.app/assets/sfx-kartala-yx34nmrix2.mp3
pb2_6,https://static.8thwall.app/assets/sfx-beads-qrs1i2mi8k.mp3
pb2_7,https://static.8thwall.app/assets/sfx-pipe-bs297nncm5.mp3
pb3_0,https://static.8thwall.app/assets/Xanadu_Onboarding_Disco_Demo_4.9.25_normalized-tioik5f07c.mp3
pb3_1,https://static.8thwall.app/assets/strangers-umzakuicap.mp3
pb3_2,https://static.8thwall.app/assets/simpson-q5qai2467y.mp3
pb3_3,https://static.8thwall.app/assets/lush-ovqpgopu7y.mp3
pb3_4,https://static.8thwall.app/assets/northsea-n4jtfz3c5t.mp3
pb3_5,https://static.8thwall.app/assets/chucke-db8591962g.mp3
pb3_6,https://static.8thwall.app/assets/sultans-dfcb91ci3o.mp3
pb3_7,https://static.8thwall.app/assets/survive-5nr73hj689.mp3
se_0,https://static.8thwall.app/assets/Seistron_v2_no_delay_4-1-25_trimmed-3ehh23bo57.mp3
se_1,https://static.8thwall.app/assets/sfx-maraca-1gbhpdc3d9.mp3
se_2,https://static.8thwall.app/assets/sfx-maraca-1gbhpdc3d9.mp3